{"personal_data": ["ContextuallyAnonymisedData"], "purposes": ["TagManagement"], "context": ["IndeterminateDuration", "PurposeDuration", "ConsentDuration", "ContractDuration", "isApplicableFor", "isNotApplicableFor"], "risk": ["RiskThreat", "RiskVulnerability", "RiskSource", "hasConsequenceOn", "hasVulnerability", "hasRiskThreat", "isVulnerabilityOf", "isRiskThreatFor", "hasRiskSource", "isRiskSourceFor"], "technical_organisational_measures": ["isRequiredFor"], "entities_datasubject": ["hasAgeOfMaturity"], "legal_basis": ["EULA", "TermsOfService"], "rights": ["RightExerciseService", "RightExerciseRecord", "RightExerciseStatus"]}