{"personal_data": ["ContextuallyAnonymisedData"], "purposes": ["TagManagement"], "risk": ["RiskThreat", "RiskVulnerability", "RiskSource", "hasConsequenceOn", "hasVulnerability", "hasRiskThreat", "isVulnerabilityOf", "isRiskThreatFor", "hasRiskSource", "isRiskSourceFor"], "processing_context": ["EvaluationOfIndividuals", "ScoringOfIndividuals"], "technical_organisational_measures": ["isRequiredFor"], "entities_datasubject": ["hasAgeOfMaturity"], "jurisdiction": ["City", "PubliclyAccessibleLocation"], "legal_basis": ["LegitimateInterestOfDataSubject", "EULA", "TermsOfService"]}