{"personal_data": ["AnonymisedDataWithinContext"], "purposes": ["PersonnelManagement", "TagManagement", "TargetedAdvertising"], "context": ["ConsequenceOfSuccess", "ConsequenceOfFailure", "CosequenceOfMaterialisation", "ConsenquenceOfNonMaterialisation", "Event", "Service", "Product", "Application", "SmartphoneApplication", "DigitalService", "OnlineService", "DataBreach", "Beneficiary", "Benefit", "hasBeneficiary", "hasBenefit", "isBefore", "isAfter"], "technical_organisational_measures": ["isRequiredFor"], "legal_basis": ["EULA", "TermsOfService"]}